name ,email,slack
Sarina Seson,sseson0@sohu.com,sseson0
Malinde Braid,mbraid1@shinystat.com,mbraid1
Noam Caroll,ncaroll2@wikimedia.org,ncaroll2
Olive Klimowski,oklimowski3@yellowbook.com,oklimowski3
Louella Quilliam,lquilliam4@cargocollective.com,lquilliam4
Orelia Melmoth,omelmoth5@bloglovin.com,omelmoth5
Wyatan Beinisch,wbeinisch6@fotki.com,wbeinisch6
Francyne Wooles,fwooles7@bluehost.com,fwooles7
Othilie Loughren,oloughren8@nifty.com,oloughren8
Cyrus Jina,cjina9@nymag.com,cjina9
June Gillies,jgilliesa@nytimes.com,jgilliesa
Maible Avraam,mavraamb@sohu.com,mavraamb
Suellen Huckle,shucklec@google.com.au,shucklec
Farica Chishull,fchishulld@uiuc.edu,fchishulld
Joey Witherspoon,jwitherspoone@google.pl,jwitherspoone
Randie Crammy,rcrammyf@dyndns.org,rcrammyf
Ally Dowsing,adowsingg@loc.gov,adowsingg
Damon Vasyutkin,dvasyutkinh@bizjournals.com,dvasyutkinh
Henryetta Battin,hbattini@columbia.edu,hbattini
Jdavie Bridgewater,jbridgewaterj@tiny.cc,jbridgewaterj
Jewell Dunsire,jdunsirek@smugmug.com,jdunsirek
Garvy Di Napoli,gdil@purevolume.com,gdil
Wren Kobke,wkobkem@chicagotribune.com,wkobkem
Ingra Farmar,ifarmarn@domainmarket.com,ifarmarn
Rodolph Hearsum,rhearsumo@cnbc.com,rhearsumo
Deonne Fern,dfernp@github.io,dfernp
Jorry Meconi,jmeconiq@qq.com,jmeconiq
Penni Chesterton,pchestertonr@nature.com,pchestertonr
Sianna Redwall,sredwalls@1688.com,sredwalls
Karil Edds,keddst@chron.com,keddst
